Workbook

Sheet Συντήρηση πυροσβεστήρων
A1: ΕΛΛΗΝΙΚΗ ΔΗΜΟΚΡΑΤΙΑ — ΔΗΜΟΣ ΡΟΔΟΥ
A2: ΔΙΕΥΘΥΝΣΗ ΤΕΧΝΙΚΩΝ ΕΡΓΩΝ & ΥΠΟΔΟΜΩΝ
A3: ΠΙΝΑΚΑΣ ΣΥΝΤΉΡΗΣΗ & ΑΝΑΓΌΜΩΣΗ ΠΥΡΟΣΒΕΣΤΉΡΩΝ — ΠΕΡΙΓΡΑΦΕΣ, CPV, ΠΡΟΤΥΠΑ, ΤΙΜΕΣ & ΠΟΣΟΤΗΤΕΣ
A4: (ΡΟΔΟΥ — επαγγελματική/τεχνική ονοματολογία κατά τα ισχύοντα πρότυπα — άνευ εμπορικών χαρακτηρισμών)
A6: Α/Α | B6: ΠΕΡΙΓΡΑΦΗ ΕΙΔΟΥΣ | C6: ΜΟΝΑΔΑ ΜΕΤΡΗΣΗΣ | D6: CPV | E6: ΠΡΟΤΥΠΟ / ΕΤΕΠ | F6: ΤΙΜΗ ΜΟΝΑΔΑΣ (€, άνευ ΦΠΑ) | G6: ΠΟΣΟΤΗΤΑ | H6: ΔΑΠΑΝΗ (€, άνευ ΦΠΑ) | I6: ΤΙΜΗ ΜΕ ΦΠΑ 24% (€) | J6: ΤΕΧΝΙΚΕΣ ΠΡΟΔΙΑΓΡΑΦΕΣ | K6: ΑΠΑΙΤΗΣΗ CE | L6: ΠΑΡΑΤΗΡΗΣΕΙΣ ΤΕΥΧΟΥ
B7: ΟΜΑΔΑ Α΄ — ΦΟΡΗΤΟΙ ΠΥΡΟΣΒΕΣΤΗΡΕΣ ΞΗΡΑΣ ΚΟΝΕΩΣ
A8: 1 | B8: Αναγόμωση πυροσβεστήρα ξηράς κόνεως 2 kg | C8: τεμ. | D8: 24951230-6 | E8: Κ.Υ.Α. 618/43/2005 (Β΄52) όπως τροπ. με Κ.Υ.Α. 17230/671/2005 (Β΄1218) και Κ.Υ.Α. 140424/2021 (Β΄6254) · ΕΛΟΤ ΕΝ 3-7 · ΕΛΟΤ ΕΝ 615 (κόνις) · Παραρτήματα ΙΙΙ, IV, V, VI | F8: 1.5 | G8: 2 | H8: =IF(OR(F8="",G8=""),"",F8*G8) -> 3 | I8: =IF(F8="","",F8*(1+'ΣΗΜΕΙΩΣΕΙΣ'!$B$2)) -> 1.86 | J8: Πλήρης αναγόμωση φορητού πυροσβεστήρα ξηράς κόνεως ονομαστικής γόμωσης 2 kg, τύπου ABC (περιεκτικότητα φωσφορικού αμμωνίου ≥ 40%), κατασβεστικής ικανότητας τουλάχιστον 8A 34B C. Παραλαβή από τις εγκαταστάσεις του Δήμου και επιστροφή με μεταφορικό μέσο, ευθύνη και δαπάνη του αναδόχου, εντός πέντε (5) εργασίμων ημερών από την έγγραφη διατακτική. Ο ανάδοχος αντικαθιστά με πυροσβεστήρα ίδιου τύπου/κατηγορίας όσο διαρκεί η εργασία, ώστε να μη μένει ακάλυπτη η θέση πυροπροστασίας. Εργασίες αναγόμωσης κατά το Παράρτημα IV: πλήρης εκτόνωση και αποσυναρμολόγηση· άδειασμα της κόνεως, καθαρισμός και πρεσάρισμα του σώματος· ενδελεχής εσωτερικός έλεγχος με φωτιστικό καθετήρα και καθρέφτη για διάβρωση, κοιλώματα, εγκοπές, χτυπήματα ή ζημιά της εσωτερικής επιφάνειας, με ιδιαίτερη προσοχή στα σημεία συγκόλλησης· συντήρηση ή αντικατάσταση της βαλβίδας του κλείστρου, των παρεμβυσμάτων (O-rings), του εύκαμπτου σωλήνα κατάθλιψης, του ακροφυσίου, του μανομέτρου και της περόνης ασφαλείας· γέμισμα εκ νέου με κόνι ίδιου τύπου και ονομαστικής ποσότητας, πιστοποιημένη κατά ΕΛΟΤ ΕΝ 615· πλήρωση με νέο αδρανές αέριο (άζωτο) στην ονομαστική πίεση λειτουργίας· έλεγχος στεγανότητας και παρακολούθηση επί ένα τουλάχιστον 24ωρο για τυχόν απώλειες. Μετά το πέρας: ζύγιση και καταγραφή απόβαρου/μικτού βάρους· τοποθέτηση στον λαιμό ΔΑΚΤΥΛΙΟΥ ΕΠΑΝΕΛΕΓΧΟΥ σκληρού άκαμπτου πλαστικού, με ΑΝΑΓΛΥΦΗ την ημερομηνία ανοίγματος και χρώμα του έτους εργασίας κατά το τελευταίο ψηφίο (2026 → ΜΩΒ, 2027 → ΓΚΡΙ)· νέα αυτοκόλλητη ετικέτα συντήρησης/αναγόμωσης με στοιχεία αναγνωρισμένης εταιρείας, αριθμό αδείας, ονοματεπώνυμο και αριθμό πιστοποίησης του αρμοδίου ατόμου, ημερομηνία εργασίας και ημερομηνία επόμενης ενέργειας· ενημέρωση του Μητρώου Συντήρησης & Αναγόμωσης και παράδοση αντιγράφου στην Υπηρεσία. | K8: ΟΧΙ | L8: Συντήρηση: κάθε 12 μήνες. Αναγόμωση: ανά 5ετία από το έτος κατασκευής. Υδραυλική δοκιμή/επανέλεγχος: ανά 10ετία. Απόσυρση: στα 20 έτη από το έτος κατασκευής.
A9: 2 | B9: Αναγόμωση πυροσβεστήρα ξηράς κόνεως 3 kg | C9: τεμ. | D9: 24951230-6 | E9: Κ.Υ.Α. 618/43/2005 (Β΄52) όπως τροπ. με Κ.Υ.Α. 17230/671/2005 (Β΄1218) και Κ.Υ.Α. 140424/2021 (Β΄6254) · ΕΛΟΤ ΕΝ 3-7 · ΕΛΟΤ ΕΝ 615 (κόνις) · Παραρτήματα ΙΙΙ, IV, V, VI | F9: 1.5 | G9: 6 | H9: =IF(OR(F9="",G9=""),"",F9*G9) -> 9 | I9: =IF(F9="","",F9*(1+'ΣΗΜΕΙΩΣΕΙΣ'!$B$2)) -> 1.86 | J9: Πλήρης αναγόμωση φορητού πυροσβεστήρα ξηράς κόνεως ονομαστικής γόμωσης 3 kg, τύπου ABC (≥ 40% φωσφορικό αμμώνιο), κατασβεστικής ικανότητας τουλάχιστον 13A 70B C. Παραλαβή από τις εγκαταστάσεις του Δήμου και επιστροφή με μεταφορικό μέσο, ευθύνη και δαπάνη του αναδόχου, εντός πέντε (5) εργασίμων ημερών από την έγγραφη διατακτική. Ο ανάδοχος αντικαθιστά με πυροσβεστήρα ίδιου τύπου/κατηγορίας όσο διαρκεί η εργασία, ώστε να μη μένει ακάλυπτη η θέση πυροπροστασίας. Εργασίες αναγόμωσης κατά το Παράρτημα IV: πλήρης εκτόνωση και αποσυναρμολόγηση· άδειασμα της κόνεως, καθαρισμός και πρεσάρισμα του σώματος· ενδελεχής εσωτερικός έλεγχος με φωτιστικό καθετήρα και καθρέφτη για διάβρωση, κοιλώματα, εγκοπές, χτυπήματα ή ζημιά της εσωτερικής επιφάνειας, με ιδιαίτερη προσοχή στα σημεία συγκόλλησης· συντήρηση ή αντικατάσταση της βαλβίδας του κλείστρου, των παρεμβυσμάτων (O-rings), του εύκαμπτου σωλήνα κατάθλιψης, του ακροφυσίου, του μανομέτρου και της περόνης ασφαλείας· γέμισμα εκ νέου με κόνι ίδιου τύπου και ονομαστικής ποσότητας, πιστοποιημένη κατά ΕΛΟΤ ΕΝ 615· πλήρωση με νέο αδρανές αέριο (άζωτο) στην ονομαστική πίεση λειτουργίας· έλεγχος στεγανότητας και παρακολούθηση επί ένα τουλάχιστον 24ωρο για τυχόν απώλειες. Μετά το πέρας: ζύγιση και καταγραφή απόβαρου/μικτού βάρους· τοποθέτηση στον λαιμό ΔΑΚΤΥΛΙΟΥ ΕΠΑΝΕΛΕΓΧΟΥ σκληρού άκαμπτου πλαστικού, με ΑΝΑΓΛΥΦΗ την ημερομηνία ανοίγματος και χρώμα του έτους εργασίας κατά το τελευταίο ψηφίο (2026 → ΜΩΒ, 2027 → ΓΚΡΙ)· νέα αυτοκόλλητη ετικέτα συντήρησης/αναγόμωσης με στοιχεία αναγνωρισμένης εταιρείας, αριθμό αδείας, ονοματεπώνυμο και αριθμό πιστοποίησης του αρμοδίου ατόμου, ημερομηνία εργασίας και ημερομηνία επόμενης ενέργειας· ενημέρωση του Μητρώου Συντήρησης & Αναγόμωσης και παράδοση αντιγράφου στην Υπηρεσία. | K9: ΟΧΙ | L9: Συντήρηση: κάθε 12 μήνες. Αναγόμωση: ανά 5ετία από το έτος κατασκευής. Υδραυλική δοκιμή/επανέλεγχος: ανά 10ετία. Απόσυρση: στα 20 έτη από το έτος κατασκευής.
A10: 3 | B10: Αναγόμωση πυροσβεστήρα ξηράς κόνεως 6 kg | C10: τεμ. | D10: 24951230-6 | E10: Κ.Υ.Α. 618/43/2005 (Β΄52) όπως τροπ. με Κ.Υ.Α. 17230/671/2005 (Β΄1218) και Κ.Υ.Α. 140424/2021 (Β΄6254) · ΕΛΟΤ ΕΝ 3-7 · ΕΛΟΤ ΕΝ 615 (κόνις) · Παραρτήματα ΙΙΙ, IV, V, VI | F10: 3 | G10: 33 | H10: =IF(OR(F10="",G10=""),"",F10*G10) -> 99 | I10: =IF(F10="","",F10*(1+'ΣΗΜΕΙΩΣΕΙΣ'!$B$2)) -> 3.72 | J10: Πλήρης αναγόμωση φορητού πυροσβεστήρα ξηράς κόνεως ονομαστικής γόμωσης 6 kg, τύπου ABC (≥ 40% φωσφορικό αμμώνιο), κατασβεστικής ικανότητας τουλάχιστον 21A 113B C. Παραλαβή από τις εγκαταστάσεις του Δήμου και επιστροφή με μεταφορικό μέσο, ευθύνη και δαπάνη του αναδόχου, εντός πέντε (5) εργασίμων ημερών από την έγγραφη διατακτική. Ο ανάδοχος αντικαθιστά με πυροσβεστήρα ίδιου τύπου/κατηγορίας όσο διαρκεί η εργασία, ώστε να μη μένει ακάλυπτη η θέση πυροπροστασίας. Εργασίες αναγόμωσης κατά το Παράρτημα IV: πλήρης εκτόνωση και αποσυναρμολόγηση· άδειασμα της κόνεως, καθαρισμός και πρεσάρισμα του σώματος· ενδελεχής εσωτερικός έλεγχος με φωτιστικό καθετήρα και καθρέφτη για διάβρωση, κοιλώματα, εγκοπές, χτυπήματα ή ζημιά της εσωτερικής επιφάνειας, με ιδιαίτερη προσοχή στα σημεία συγκόλλησης· συντήρηση ή αντικατάσταση της βαλβίδας του κλείστρου, των παρεμβυσμάτων (O-rings), του εύκαμπτου σωλήνα κατάθλιψης, του ακροφυσίου, του μανομέτρου και της περόνης ασφαλείας· γέμισμα εκ νέου με κόνι ίδιου τύπου και ονομαστικής ποσότητας, πιστοποιημένη κατά ΕΛΟΤ ΕΝ 615· πλήρωση με νέο αδρανές αέριο (άζωτο) στην ονομαστική πίεση λειτουργίας· έλεγχος στεγανότητας και παρακολούθηση επί ένα τουλάχιστον 24ωρο για τυχόν απώλειες. Μετά το πέρας: ζύγιση και καταγραφή απόβαρου/μικτού βάρους· τοποθέτηση στον λαιμό ΔΑΚΤΥΛΙΟΥ ΕΠΑΝΕΛΕΓΧΟΥ σκληρού άκαμπτου πλαστικού, με ΑΝΑΓΛΥΦΗ την ημερομηνία ανοίγματος και χρώμα του έτους εργασίας κατά το τελευταίο ψηφίο (2026 → ΜΩΒ, 2027 → ΓΚΡΙ)· νέα αυτοκόλλητη ετικέτα συντήρησης/αναγόμωσης με στοιχεία αναγνωρισμένης εταιρείας, αριθμό αδείας, ονοματεπώνυμο και αριθμό πιστοποίησης του αρμοδίου ατόμου, ημερομηνία εργασίας και ημερομηνία επόμενης ενέργειας· ενημέρωση του Μητρώου Συντήρησης & Αναγόμωσης και παράδοση αντιγράφου στην Υπηρεσία. | K10: ΟΧΙ | L10: Συντήρηση: κάθε 12 μήνες. Αναγόμωση: ανά 5ετία από το έτος κατασκευής. Υδραυλική δοκιμή/επανέλεγχος: ανά 10ετία. Απόσυρση: στα 20 έτη από το έτος κατασκευής.
A11: 4 | B11: Αναγόμωση πυροσβεστήρα ξηράς κόνεως 12 kg | C11: τεμ. | D11: 24951230-6 | E11: Κ.Υ.Α. 618/43/2005 (Β΄52) όπως τροπ. με Κ.Υ.Α. 17230/671/2005 (Β΄1218) και Κ.Υ.Α. 140424/2021 (Β΄6254) · ΕΛΟΤ ΕΝ 3-7 · ΕΛΟΤ ΕΝ 615 (κόνις) · Παραρτήματα ΙΙΙ, IV, V, VI | F11: 4.9 | G11: 300 | H11: =IF(OR(F11="",G11=""),"",F11*G11) -> 1470 | I11: =IF(F11="","",F11*(1+'ΣΗΜΕΙΩΣΕΙΣ'!$B$2)) -> 6.076 | J11: Πλήρης αναγόμωση φορητού πυροσβεστήρα ξηράς κόνεως ονομαστικής γόμωσης 12 kg, τύπου ABC (≥ 40% φωσφορικό αμμώνιο), κατασβεστικής ικανότητας τουλάχιστον 43A 233B C. Παραλαβή από τις εγκαταστάσεις του Δήμου και επιστροφή με μεταφορικό μέσο, ευθύνη και δαπάνη του αναδόχου, εντός πέντε (5) εργασίμων ημερών από την έγγραφη διατακτική. Ο ανάδοχος αντικαθιστά με πυροσβεστήρα ίδιου τύπου/κατηγορίας όσο διαρκεί η εργασία, ώστε να μη μένει ακάλυπτη η θέση πυροπροστασίας. Εργασίες αναγόμωσης κατά το Παράρτημα IV: πλήρης εκτόνωση και αποσυναρμολόγηση· άδειασμα της κόνεως, καθαρισμός και πρεσάρισμα του σώματος· ενδελεχής εσωτερικός έλεγχος με φωτιστικό καθετήρα και καθρέφτη για διάβρωση, κοιλώματα, εγκοπές, χτυπήματα ή ζημιά της εσωτερικής επιφάνειας, με ιδιαίτερη προσοχή στα σημεία συγκόλλησης· συντήρηση ή αντικατάσταση της βαλβίδας του κλείστρου, των παρεμβυσμάτων (O-rings), του εύκαμπτου σωλήνα κατάθλιψης, του ακροφυσίου, του μανομέτρου και της περόνης ασφαλείας· γέμισμα εκ νέου με κόνι ίδιου τύπου και ονομαστικής ποσότητας, πιστοποιημένη κατά ΕΛΟΤ ΕΝ 615· πλήρωση με νέο αδρανές αέριο (άζωτο) στην ονομαστική πίεση λειτουργίας· έλεγχος στεγανότητας και παρακολούθηση επί ένα τουλάχιστον 24ωρο για τυχόν απώλειες. Λόγω του μεγάλου πλήθους των τεμαχίων, η παράδοση γίνεται τμηματικά κατόπιν διατακτικών, χωρίς ποτέ να απογυμνώνεται κτίριο από τα μέσα πυροπροστασίας του. Μετά το πέρας: ζύγιση και καταγραφή απόβαρου/μικτού βάρους· τοποθέτηση στον λαιμό ΔΑΚΤΥΛΙΟΥ ΕΠΑΝΕΛΕΓΧΟΥ σκληρού άκαμπτου πλαστικού, με ΑΝΑΓΛΥΦΗ την ημερομηνία ανοίγματος και χρώμα του έτους εργασίας κατά το τελευταίο ψηφίο (2026 → ΜΩΒ, 2027 → ΓΚΡΙ)· νέα αυτοκόλλητη ετικέτα συντήρησης/αναγόμωσης με στοιχεία αναγνωρισμένης εταιρείας, αριθμό αδείας, ονοματεπώνυμο και αριθμό πιστοποίησης του αρμοδίου ατόμου, ημερομηνία εργασίας και ημερομηνία επόμενης ενέργειας· ενημέρωση του Μητρώου Συντήρησης & Αναγόμωσης και παράδοση αντιγράφου στην Υπηρεσία. | K11: ΟΧΙ | L11: Συντήρηση: κάθε 12 μήνες. Αναγόμωση: ανά 5ετία από το έτος κατασκευής. Υδραυλική δοκιμή/επανέλεγχος: ανά 10ετία. Απόσυρση: στα 20 έτη από το έτος κατασκευής.
B12: ΟΜΑΔΑ Β΄ — ΤΡΟΧΗΛΑΤΟΙ ΠΥΡΟΣΒΕΣΤΗΡΕΣ ΞΗΡΑΣ ΚΟΝΕΩΣ
A13: 5 | B13: Αναγόμωση τροχήλατου πυροσβεστήρα ξηράς κόνεως 25 kg | C13: τεμ. | D13: 24951230-6 | E13: Κ.Υ.Α. 618/43/2005 (Β΄52) όπως τροπ. με Κ.Υ.Α. 17230/671/2005 (Β΄1218) και Κ.Υ.Α. 140424/2021 (Β΄6254) · ΕΛΟΤ ΕΝ 1866-1 (τροχήλατοι) · ΕΛΟΤ ΕΝ 615 (κόνις) · Παραρτήματα ΙΙΙ, IV, V, VI | F13: 5 | G13: 30 | H13: =IF(OR(F13="",G13=""),"",F13*G13) -> 150 | I13: =IF(F13="","",F13*(1+'ΣΗΜΕΙΩΣΕΙΣ'!$B$2)) -> 6.2 | J13: Πλήρης αναγόμωση τροχήλατου πυροσβεστήρα ξηράς κόνεως ονομαστικής γόμωσης 25 kg, τύπου ABC, κατά ΕΛΟΤ ΕΝ 1866-1. Παραλαβή από τις εγκαταστάσεις του Δήμου και επιστροφή με μεταφορικό μέσο, ευθύνη και δαπάνη του αναδόχου, εντός πέντε (5) εργασίμων ημερών από την έγγραφη διατακτική. Ο ανάδοχος αντικαθιστά με πυροσβεστήρα ίδιου τύπου/κατηγορίας όσο διαρκεί η εργασία, ώστε να μη μένει ακάλυπτη η θέση πυροπροστασίας. Εργασίες αναγόμωσης κατά το Παράρτημα IV: πλήρης εκτόνωση και αποσυναρμολόγηση· άδειασμα της κόνεως, καθαρισμός και πρεσάρισμα του σώματος· ενδελεχής εσωτερικός έλεγχος με φωτιστικό καθετήρα και καθρέφτη για διάβρωση, κοιλώματα, εγκοπές, χτυπήματα ή ζημιά της εσωτερικής επιφάνειας, με ιδιαίτερη προσοχή στα σημεία συγκόλλησης· συντήρηση ή αντικατάσταση της βαλβίδας του κλείστρου, των παρεμβυσμάτων (O-rings), του εύκαμπτου σωλήνα κατάθλιψης, του ακροφυσίου, του μανομέτρου και της περόνης ασφαλείας· γέμισμα εκ νέου με κόνι ίδιου τύπου και ονομαστικής ποσότητας, πιστοποιημένη κατά ΕΛΟΤ ΕΝ 615· πλήρωση με νέο αδρανές αέριο (άζωτο) στην ονομαστική πίεση λειτουργίας· έλεγχος στεγανότητας και παρακολούθηση επί ένα τουλάχιστον 24ωρο για τυχόν απώλειες. Επιπροσθέτως ελέγχονται: η τροχήλατη βάση και οι τροχοί, ο εύκαμπτος σωλήνας μήκους ≥ 5 m (δοκιμή σε πίεση, αντικατάσταση επί ρωγμών ή σκληρύνσεως), το πιστόλι/διακόπτης εκτόξευσης, η φιάλη προωθητικού αερίου (ζύγιση και αναπλήρωση) και η στεγανότητα όλων των συνδέσεων. Μετά το πέρας: ζύγιση και καταγραφή απόβαρου/μικτού βάρους· τοποθέτηση στον λαιμό ΔΑΚΤΥΛΙΟΥ ΕΠΑΝΕΛΕΓΧΟΥ σκληρού άκαμπτου πλαστικού, με ΑΝΑΓΛΥΦΗ την ημερομηνία ανοίγματος και χρώμα του έτους εργασίας κατά το τελευταίο ψηφίο (2026 → ΜΩΒ, 2027 → ΓΚΡΙ)· νέα αυτοκόλλητη ετικέτα συντήρησης/αναγόμωσης με στοιχεία αναγνωρισμένης εταιρείας, αριθμό αδείας, ονοματεπώνυμο και αριθμό πιστοποίησης του αρμοδίου ατόμου, ημερομηνία εργασίας και ημερομηνία επόμενης ενέργειας· ενημέρωση του Μητρώου Συντήρησης & Αναγόμωσης και παράδοση αντιγράφου στην Υπηρεσία. | K13: ΟΧΙ | L13: Συντήρηση: κάθε 12 μήνες. Αναγόμωση: ανά 5ετία από το έτος κατασκευής. Υδραυλική δοκιμή/επανέλεγχος: ανά 10ετία. Απόσυρση: στα 20 έτη από το έτος κατασκευής.
A14: 6 | B14: Αναγόμωση τροχήλατου πυροσβεστήρα ξηράς κόνεως 50 kg | C14: τεμ. | D14: 24951230-6 | E14: Κ.Υ.Α. 618/43/2005 (Β΄52) όπως τροπ. με Κ.Υ.Α. 17230/671/2005 (Β΄1218) και Κ.Υ.Α. 140424/2021 (Β΄6254) · ΕΛΟΤ ΕΝ 1866-1 (τροχήλατοι) · ΕΛΟΤ ΕΝ 615 (κόνις) · Παραρτήματα ΙΙΙ, IV, V, VI | F14: 16 | G14: 25 | H14: =IF(OR(F14="",G14=""),"",F14*G14) -> 400 | I14: =IF(F14="","",F14*(1+'ΣΗΜΕΙΩΣΕΙΣ'!$B$2)) -> 19.84 | J14: Πλήρης αναγόμωση τροχήλατου πυροσβεστήρα ξηράς κόνεως ονομαστικής γόμωσης 50 kg, τύπου ABC, κατά ΕΛΟΤ ΕΝ 1866-1. Παραλαβή από τις εγκαταστάσεις του Δήμου και επιστροφή με μεταφορικό μέσο, ευθύνη και δαπάνη του αναδόχου, εντός πέντε (5) εργασίμων ημερών από την έγγραφη διατακτική. Ο ανάδοχος αντικαθιστά με πυροσβεστήρα ίδιου τύπου/κατηγορίας όσο διαρκεί η εργασία, ώστε να μη μένει ακάλυπτη η θέση πυροπροστασίας. Εργασίες αναγόμωσης κατά το Παράρτημα IV: πλήρης εκτόνωση και αποσυναρμολόγηση· άδειασμα της κόνεως, καθαρισμός και πρεσάρισμα του σώματος· ενδελεχής εσωτερικός έλεγχος με φωτιστικό καθετήρα και καθρέφτη για διάβρωση, κοιλώματα, εγκοπές, χτυπήματα ή ζημιά της εσωτερικής επιφάνειας, με ιδιαίτερη προσοχή στα σημεία συγκόλλησης· συντήρηση ή αντικατάσταση της βαλβίδας του κλείστρου, των παρεμβυσμάτων (O-rings), του εύκαμπτου σωλήνα κατάθλιψης, του ακροφυσίου, του μανομέτρου και της περόνης ασφαλείας· γέμισμα εκ νέου με κόνι ίδιου τύπου και ονομαστικής ποσότητας, πιστοποιημένη κατά ΕΛΟΤ ΕΝ 615· πλήρωση με νέο αδρανές αέριο (άζωτο) στην ονομαστική πίεση λειτουργίας· έλεγχος στεγανότητας και παρακολούθηση επί ένα τουλάχιστον 24ωρο για τυχόν απώλειες. Επιπροσθέτως ελέγχονται: η τροχήλατη βάση και οι τροχοί, ο εύκαμπτος σωλήνας μήκους ≥ 5 m (δοκιμή σε πίεση), το πιστόλι/διακόπτης εκτόξευσης, η φιάλη προωθητικού αερίου (ζύγιση και αναπλήρωση) και η στεγανότητα όλων των συνδέσεων. Μετά το πέρας: ζύγιση και καταγραφή απόβαρου/μικτού βάρους· τοποθέτηση στον λαιμό ΔΑΚΤΥΛΙΟΥ ΕΠΑΝΕΛΕΓΧΟΥ σκληρού άκαμπτου πλαστικού, με ΑΝΑΓΛΥΦΗ την ημερομηνία ανοίγματος και χρώμα του έτους εργασίας κατά το τελευταίο ψηφίο (2026 → ΜΩΒ, 2027 → ΓΚΡΙ)· νέα αυτοκόλλητη ετικέτα συντήρησης/αναγόμωσης με στοιχεία αναγνωρισμένης εταιρείας, αριθμό αδείας, ονοματεπώνυμο και αριθμό πιστοποίησης του αρμοδίου ατόμου, ημερομηνία εργασίας και ημερομηνία επόμενης ενέργειας· ενημέρωση του Μητρώου Συντήρησης & Αναγόμωσης και παράδοση αντιγράφου στην Υπηρεσία. | K14: ΟΧΙ | L14: Συντήρηση: κάθε 12 μήνες. Αναγόμωση: ανά 5ετία από το έτος κατασκευής. Υδραυλική δοκιμή/επανέλεγχος: ανά 10ετία. Απόσυρση: στα 20 έτη από το έτος κατασκευής.
B15: ΟΜΑΔΑ Γ΄ — ΠΥΡΟΣΒΕΣΤΗΡΕΣ ΔΙΟΞΕΙΔΙΟΥ ΤΟΥ ΑΝΘΡΑΚΑ (CO₂)
A16: 7 | B16: Αναγόμωση πυροσβεστήρα CO₂ 5 kg | C16: τεμ. | D16: 24951230-6 | E16: Κ.Υ.Α. 618/43/2005 (Β΄52) όπως τροπ. με Κ.Υ.Α. 17230/671/2005 (Β΄1218) και Κ.Υ.Α. 140424/2021 (Β΄6254) · ΕΛΟΤ ΕΝ 3-7 · ΕΝ ISO 5923 (CO₂) · ADR/ΤΠΕΔ & Οδηγία 2014/68/ΕΕ για φιάλες υπό πίεση | F16: 25 | G16: 8 | H16: =IF(OR(F16="",G16=""),"",F16*G16) -> 200 | I16: =IF(F16="","",F16*(1+'ΣΗΜΕΙΩΣΕΙΣ'!$B$2)) -> 31 | J16: Αναγόμωση φορητού πυροσβεστήρα διοξειδίου του άνθρακα ονομαστικής γόμωσης 5 kg, κατασβεστικής ικανότητας τουλάχιστον 89B. Παραλαβή από τις εγκαταστάσεις του Δήμου και επιστροφή με μεταφορικό μέσο, ευθύνη και δαπάνη του αναδόχου, εντός πέντε (5) εργασίμων ημερών από την έγγραφη διατακτική. Ο ανάδοχος αντικαθιστά με πυροσβεστήρα ίδιου τύπου/κατηγορίας όσο διαρκεί η εργασία, ώστε να μη μένει ακάλυπτη η θέση πυροπροστασίας. Εργασίες: ζύγιση και σύγκριση με το χαραγμένο απόβαρο για προσδιορισμό της απώλειας μάζας· πλήρης εκκένωση και έλεγχος της φιάλης· έλεγχος και συντήρηση ή αντικατάσταση της βαλβίδας, της δικλείδας ασφαλείας (δίσκος θραύσης), των παρεμβυσμάτων, του σωλήνα και της χοάνης/κώνου εκτόξευσης — η χοάνη πρέπει να είναι διηλεκτρική, χωρίς ρωγμές· πλήρωση με διοξείδιο του άνθρακα καθαρότητας ≥ 99,5% στην ονομαστική ποσότητα, με ζυγιστική μέθοδο και τήρηση του συντελεστή πλήρωσης· έλεγχος στεγανότητας και παρακολούθηση επί ένα τουλάχιστον 24ωρο. Δεν επιτρέπεται πλήρωση φιάλης της οποίας ο δεκαετής επανέλεγχος (υδραυλική δοκιμή) έχει λήξει. Μετά το πέρας: ζύγιση και καταγραφή απόβαρου/μικτού βάρους· τοποθέτηση στον λαιμό ΔΑΚΤΥΛΙΟΥ ΕΠΑΝΕΛΕΓΧΟΥ σκληρού άκαμπτου πλαστικού, με ΑΝΑΓΛΥΦΗ την ημερομηνία ανοίγματος και χρώμα του έτους εργασίας κατά το τελευταίο ψηφίο (2026 → ΜΩΒ, 2027 → ΓΚΡΙ)· νέα αυτοκόλλητη ετικέτα συντήρησης/αναγόμωσης με στοιχεία αναγνωρισμένης εταιρείας, αριθμό αδείας, ονοματεπώνυμο και αριθμό πιστοποίησης του αρμοδίου ατόμου, ημερομηνία εργασίας και ημερομηνία επόμενης ενέργειας· ενημέρωση του Μητρώου Συντήρησης & Αναγόμωσης και παράδοση αντιγράφου στην Υπηρεσία. | K16: ΟΧΙ | L16: Συντήρηση (με ζύγιση): κάθε 12 μήνες — υποχρεωτική αναγόμωση αν η απώλεια μάζας υπερβαίνει το 10% της ονομαστικής γόμωσης. Αναγόμωση & υδραυλική δοκιμή φιάλης: ανά 10ετία κατά ADR/ΤΠΕΔ.
A17: 8 | B17: Αναγόμωση πυροσβεστήρα CO₂ 2 kg | C17: τεμ. | D17: 24951230-6 | E17: Κ.Υ.Α. 618/43/2005 (Β΄52) όπως τροπ. με Κ.Υ.Α. 17230/671/2005 (Β΄1218) και Κ.Υ.Α. 140424/2021 (Β΄6254) · ΕΛΟΤ ΕΝ 3-7 · ΕΝ ISO 5923 (CO₂) · ADR/ΤΠΕΔ & Οδηγία 2014/68/ΕΕ για φιάλες υπό πίεση | F17: 7 | G17: 80 | H17: =IF(OR(F17="",G17=""),"",F17*G17) -> 560 | I17: =IF(F17="","",F17*(1+'ΣΗΜΕΙΩΣΕΙΣ'!$B$2)) -> 8.68 | J17: Αναγόμωση φορητού πυροσβεστήρα διοξειδίου του άνθρακα ονομαστικής γόμωσης 2 kg, κατασβεστικής ικανότητας τουλάχιστον 34B. Παραλαβή από τις εγκαταστάσεις του Δήμου και επιστροφή με μεταφορικό μέσο, ευθύνη και δαπάνη του αναδόχου, εντός πέντε (5) εργασίμων ημερών από την έγγραφη διατακτική. Ο ανάδοχος αντικαθιστά με πυροσβεστήρα ίδιου τύπου/κατηγορίας όσο διαρκεί η εργασία, ώστε να μη μένει ακάλυπτη η θέση πυροπροστασίας. Εργασίες: ζύγιση και σύγκριση με το χαραγμένο απόβαρο· πλήρης εκκένωση και έλεγχος φιάλης· έλεγχος/αντικατάσταση βαλβίδας, δικλείδας ασφαλείας, παρεμβυσμάτων και διηλεκτρικής χοάνης εκτόξευσης· πλήρωση με CO₂ καθαρότητας ≥ 99,5% στην ονομαστική ποσότητα με τήρηση του συντελεστή πλήρωσης· έλεγχος στεγανότητας επί 24ωρο. Δεν επιτρέπεται πλήρωση φιάλης με ληγμένο δεκαετή επανέλεγχο. Μετά το πέρας: ζύγιση και καταγραφή απόβαρου/μικτού βάρους· τοποθέτηση στον λαιμό ΔΑΚΤΥΛΙΟΥ ΕΠΑΝΕΛΕΓΧΟΥ σκληρού άκαμπτου πλαστικού, με ΑΝΑΓΛΥΦΗ την ημερομηνία ανοίγματος και χρώμα του έτους εργασίας κατά το τελευταίο ψηφίο (2026 → ΜΩΒ, 2027 → ΓΚΡΙ)· νέα αυτοκόλλητη ετικέτα συντήρησης/αναγόμωσης με στοιχεία αναγνωρισμένης εταιρείας, αριθμό αδείας, ονοματεπώνυμο και αριθμό πιστοποίησης του αρμοδίου ατόμου, ημερομηνία εργασίας και ημερομηνία επόμενης ενέργειας· ενημέρωση του Μητρώου Συντήρησης & Αναγόμωσης και παράδοση αντιγράφου στην Υπηρεσία. | K17: ΟΧΙ | L17: Συντήρηση (με ζύγιση): κάθε 12 μήνες — υποχρεωτική αναγόμωση αν η απώλεια μάζας υπερβαίνει το 10% της ονομαστικής γόμωσης. Αναγόμωση & υδραυλική δοκιμή φιάλης: ανά 10ετία κατά ADR/ΤΠΕΔ.
A18: 9 | B18: Αναγόμωση τροχήλατου πυροσβεστήρα CO₂ 50 kg | C18: τεμ. | D18: 24951230-6 | E18: Κ.Υ.Α. 618/43/2005 (Β΄52) όπως τροπ. με Κ.Υ.Α. 17230/671/2005 (Β΄1218) και Κ.Υ.Α. 140424/2021 (Β΄6254) · ΕΛΟΤ ΕΝ 1866-1 (τροχήλατοι) · ΕΝ ISO 5923 (CO₂) · ADR/ΤΠΕΔ & Οδηγία 2014/68/ΕΕ | F18: 2.9 | G18: 1 | H18: =IF(OR(F18="",G18=""),"",F18*G18) -> 2.9 | I18: =IF(F18="","",F18*(1+'ΣΗΜΕΙΩΣΕΙΣ'!$B$2)) -> 3.596 | J18: Αναγόμωση τροχήλατου πυροσβεστήρα διοξειδίου του άνθρακα ονομαστικής γόμωσης 50 kg (συστοιχία ή μεμονωμένη φιάλη επί τροχήλατης βάσης), κατά ΕΛΟΤ ΕΝ 1866-1. Παραλαβή από τις εγκαταστάσεις του Δήμου και επιστροφή με μεταφορικό μέσο, ευθύνη και δαπάνη του αναδόχου, εντός πέντε (5) εργασίμων ημερών από την έγγραφη διατακτική. Ο ανάδοχος αντικαθιστά με πυροσβεστήρα ίδιου τύπου/κατηγορίας όσο διαρκεί η εργασία, ώστε να μη μένει ακάλυπτη η θέση πυροπροστασίας. Εργασίες: ζύγιση εκάστης φιάλης και σύγκριση με το χαραγμένο απόβαρο· έλεγχος τροχήλατης βάσης, τροχών και συγκρατητικών· έλεγχος/αντικατάσταση βαλβίδων, δικλείδων ασφαλείας, εύκαμπτου σωλήνα υψηλής πίεσης και διηλεκτρικής χοάνης· πλήρωση με CO₂ καθαρότητας ≥ 99,5% με τήρηση του συντελεστή πλήρωσης· έλεγχος στεγανότητας επί 24ωρο. Δεν επιτρέπεται πλήρωση φιάλης με ληγμένο δεκαετή επανέλεγχο κατά ADR/ΤΠΕΔ. Μετά το πέρας: ζύγιση και καταγραφή απόβαρου/μικτού βάρους· τοποθέτηση στον λαιμό ΔΑΚΤΥΛΙΟΥ ΕΠΑΝΕΛΕΓΧΟΥ σκληρού άκαμπτου πλαστικού, με ΑΝΑΓΛΥΦΗ την ημερομηνία ανοίγματος και χρώμα του έτους εργασίας κατά το τελευταίο ψηφίο (2026 → ΜΩΒ, 2027 → ΓΚΡΙ)· νέα αυτοκόλλητη ετικέτα συντήρησης/αναγόμωσης με στοιχεία αναγνωρισμένης εταιρείας, αριθμό αδείας, ονοματεπώνυμο και αριθμό πιστοποίησης του αρμοδίου ατόμου, ημερομηνία εργασίας και ημερομηνία επόμενης ενέργειας· ενημέρωση του Μητρώου Συντήρησης & Αναγόμωσης και παράδοση αντιγράφου στην Υπηρεσία. | K18: ΟΧΙ | L18: Συντήρηση (με ζύγιση): κάθε 12 μήνες — υποχρεωτική αναγόμωση αν η απώλεια μάζας υπερβαίνει το 10% της ονομαστικής γόμωσης. Αναγόμωση & υδραυλική δοκιμή φιάλης: ανά 10ετία κατά ADR/ΤΠΕΔ.
A19: 10 | B19: Αναγόμωση τροχήλατου πυροσβεστήρα CO₂ 30 kg | C19: τεμ. | D19: 24951230-6 | E19: Κ.Υ.Α. 618/43/2005 (Β΄52) όπως τροπ. με Κ.Υ.Α. 17230/671/2005 (Β΄1218) και Κ.Υ.Α. 140424/2021 (Β΄6254) · ΕΛΟΤ ΕΝ 1866-1 (τροχήλατοι) · ΕΝ ISO 5923 (CO₂) · ADR/ΤΠΕΔ & Οδηγία 2014/68/ΕΕ | F19: 25 | G19: 2 | H19: =IF(OR(F19="",G19=""),"",F19*G19) -> 50 | I19: =IF(F19="","",F19*(1+'ΣΗΜΕΙΩΣΕΙΣ'!$B$2)) -> 31 | J19: Αναγόμωση τροχήλατου πυροσβεστήρα διοξειδίου του άνθρακα ονομαστικής γόμωσης 30 kg επί τροχήλατης βάσης, κατά ΕΛΟΤ ΕΝ 1866-1. Παραλαβή από τις εγκαταστάσεις του Δήμου και επιστροφή με μεταφορικό μέσο, ευθύνη και δαπάνη του αναδόχου, εντός πέντε (5) εργασίμων ημερών από την έγγραφη διατακτική. Ο ανάδοχος αντικαθιστά με πυροσβεστήρα ίδιου τύπου/κατηγορίας όσο διαρκεί η εργασία, ώστε να μη μένει ακάλυπτη η θέση πυροπροστασίας. Εργασίες: ζύγιση και σύγκριση με το χαραγμένο απόβαρο· έλεγχος τροχήλατης βάσης και τροχών· έλεγχος/αντικατάσταση βαλβίδας, δικλείδας ασφαλείας, εύκαμπτου σωλήνα υψηλής πίεσης και διηλεκτρικής χοάνης εκτόξευσης· πλήρωση με CO₂ καθαρότητας ≥ 99,5% με τήρηση του συντελεστή πλήρωσης· έλεγχος στεγανότητας επί 24ωρο. Δεν επιτρέπεται πλήρωση φιάλης με ληγμένο δεκαετή επανέλεγχο. Μετά το πέρας: ζύγιση και καταγραφή απόβαρου/μικτού βάρους· τοποθέτηση στον λαιμό ΔΑΚΤΥΛΙΟΥ ΕΠΑΝΕΛΕΓΧΟΥ σκληρού άκαμπτου πλαστικού, με ΑΝΑΓΛΥΦΗ την ημερομηνία ανοίγματος και χρώμα του έτους εργασίας κατά το τελευταίο ψηφίο (2026 → ΜΩΒ, 2027 → ΓΚΡΙ)· νέα αυτοκόλλητη ετικέτα συντήρησης/αναγόμωσης με στοιχεία αναγνωρισμένης εταιρείας, αριθμό αδείας, ονοματεπώνυμο και αριθμό πιστοποίησης του αρμοδίου ατόμου, ημερομηνία εργασίας και ημερομηνία επόμενης ενέργειας· ενημέρωση του Μητρώου Συντήρησης & Αναγόμωσης και παράδοση αντιγράφου στην Υπηρεσία. | K19: ΟΧΙ | L19: Συντήρηση (με ζύγιση): κάθε 12 μήνες — υποχρεωτική αναγόμωση αν η απώλεια μάζας υπερβαίνει το 10% της ονομαστικής γόμωσης. Αναγόμωση & υδραυλική δοκιμή φιάλης: ανά 10ετία κατά ADR/ΤΠΕΔ.
B20: ΟΜΑΔΑ Δ΄ — ΑΥΤΟΜΑΤΟΙ ΠΥΡΟΣΒΕΣΤΗΡΕΣ ΟΡΟΦΗΣ & ΣΥΣΤΗΜΑΤΑ ΤΟΠΙΚΗΣ ΕΦΑΡΜΟΓΗΣ
A21: 11 | B21: Αναγόμωση πυροσβεστήρα ξηράς κόνεως οροφής 6 kg | C21: τεμ. | D21: 24951230-6 | E21: Κ.Υ.Α. 618/43/2005 (Β΄52) όπως τροπ. με Κ.Υ.Α. 17230/671/2005 (Β΄1218) — πινακίδες/μητρώο συστημάτων τοπικής εφαρμογής · Κ.Υ.Α. 140424/2021 (Β΄6254) · ΕΛΟΤ ΕΝ 615 (κόνις) · Πυρ. Διάταξη 15/2022 | F21: 31.46 | G21: 3 | H21: =IF(OR(F21="",G21=""),"",F21*G21) -> 94.38 | I21: =IF(F21="","",F21*(1+'ΣΗΜΕΙΩΣΕΙΣ'!$B$2)) -> 39.0104 | J21: Αναγόμωση αυτόματου (οροφής) πυροσβεστήρα ξηράς κόνεως ονομαστικής γόμωσης 6 kg, τύπου ABC, εγκατεστημένου σε λεβητοστάσια, μηχανοστάσια και χώρους Η/Μ εξοπλισμού. Παραλαβή από τις εγκαταστάσεις του Δήμου και επιστροφή με μεταφορικό μέσο, ευθύνη και δαπάνη του αναδόχου, εντός πέντε (5) εργασίμων ημερών από την έγγραφη διατακτική. Ο ανάδοχος αντικαθιστά με πυροσβεστήρα ίδιου τύπου/κατηγορίας όσο διαρκεί η εργασία, ώστε να μη μένει ακάλυπτη η θέση πυροπροστασίας. Εργασίες αναγόμωσης κατά το Παράρτημα IV: πλήρης εκτόνωση και αποσυναρμολόγηση· άδειασμα της κόνεως, καθαρισμός και πρεσάρισμα του σώματος· ενδελεχής εσωτερικός έλεγχος με φωτιστικό καθετήρα και καθρέφτη για διάβρωση, κοιλώματα, εγκοπές, χτυπήματα ή ζημιά της εσωτερικής επιφάνειας, με ιδιαίτερη προσοχή στα σημεία συγκόλλησης· συντήρηση ή αντικατάσταση της βαλβίδας του κλείστρου, των παρεμβυσμάτων (O-rings), του εύκαμπτου σωλήνα κατάθλιψης, του ακροφυσίου, του μανομέτρου και της περόνης ασφαλείας· γέμισμα εκ νέου με κόνι ίδιου τύπου και ονομαστικής ποσότητας, πιστοποιημένη κατά ΕΛΟΤ ΕΝ 615· πλήρωση με νέο αδρανές αέριο (άζωτο) στην ονομαστική πίεση λειτουργίας· έλεγχος στεγανότητας και παρακολούθηση επί ένα τουλάχιστον 24ωρο για τυχόν απώλειες. Επιπροσθέτως: αποξήλωση και επανατοποθέτηση στη θέση του με έλεγχο των στηριγμάτων οροφής· έλεγχος και δοκιμή του θερμοευαίσθητου στοιχείου/ampoule ενεργοποίησης ονομαστικής θερμοκρασίας 68 °C (αντικατάσταση εφόσον έχει καταπονηθεί, χρωματιστεί ή παρέλθει η διάρκεια ζωής του)· έλεγχος του μανομέτρου και της κεφαλής διάχυσης. Μετά το πέρας: ζύγιση και καταγραφή απόβαρου/μικτού βάρους· τοποθέτηση στον λαιμό ΔΑΚΤΥΛΙΟΥ ΕΠΑΝΕΛΕΓΧΟΥ σκληρού άκαμπτου πλαστικού, με ΑΝΑΓΛΥΦΗ την ημερομηνία ανοίγματος και χρώμα του έτους εργασίας κατά το τελευταίο ψηφίο (2026 → ΜΩΒ, 2027 → ΓΚΡΙ)· νέα αυτοκόλλητη ετικέτα συντήρησης/αναγόμωσης με στοιχεία αναγνωρισμένης εταιρείας, αριθμό αδείας, ονοματεπώνυμο και αριθμό πιστοποίησης του αρμοδίου ατόμου, ημερομηνία εργασίας και ημερομηνία επόμενης ενέργειας· ενημέρωση του Μητρώου Συντήρησης & Αναγόμωσης και παράδοση αντιγράφου στην Υπηρεσία. | K21: ΟΧΙ | L21: Συντήρηση/έλεγχος: κάθε 12 μήνες. Αναγόμωση: ανά 5ετία. Υδραυλική δοκιμή: ανά 10ετία. Άμεση αναγόμωση μετά από κάθε ενεργοποίηση.
A22: 12 | B22: Αναγόμωση πυροσβεστήρα ξηράς κόνεως οροφής 12 kg | C22: τεμ. | D22: 24951230-6 | E22: Κ.Υ.Α. 618/43/2005 (Β΄52) όπως τροπ. με Κ.Υ.Α. 17230/671/2005 (Β΄1218) — πινακίδες/μητρώο συστημάτων τοπικής εφαρμογής · Κ.Υ.Α. 140424/2021 (Β΄6254) · ΕΛΟΤ ΕΝ 615 (κόνις) · Πυρ. Διάταξη 15/2022 | F22: 4 | G22: 15 | H22: =IF(OR(F22="",G22=""),"",F22*G22) -> 60 | I22: =IF(F22="","",F22*(1+'ΣΗΜΕΙΩΣΕΙΣ'!$B$2)) -> 4.96 | J22: Αναγόμωση αυτόματου (οροφής) πυροσβεστήρα ξηράς κόνεως ονομαστικής γόμωσης 12 kg, τύπου ABC. Παραλαβή από τις εγκαταστάσεις του Δήμου και επιστροφή με μεταφορικό μέσο, ευθύνη και δαπάνη του αναδόχου, εντός πέντε (5) εργασίμων ημερών από την έγγραφη διατακτική. Ο ανάδοχος αντικαθιστά με πυροσβεστήρα ίδιου τύπου/κατηγορίας όσο διαρκεί η εργασία, ώστε να μη μένει ακάλυπτη η θέση πυροπροστασίας. Εργασίες αναγόμωσης κατά το Παράρτημα IV: πλήρης εκτόνωση και αποσυναρμολόγηση· άδειασμα της κόνεως, καθαρισμός και πρεσάρισμα του σώματος· ενδελεχής εσωτερικός έλεγχος με φωτιστικό καθετήρα και καθρέφτη για διάβρωση, κοιλώματα, εγκοπές, χτυπήματα ή ζημιά της εσωτερικής επιφάνειας, με ιδιαίτερη προσοχή στα σημεία συγκόλλησης· συντήρηση ή αντικατάσταση της βαλβίδας του κλείστρου, των παρεμβυσμάτων (O-rings), του εύκαμπτου σωλήνα κατάθλιψης, του ακροφυσίου, του μανομέτρου και της περόνης ασφαλείας· γέμισμα εκ νέου με κόνι ίδιου τύπου και ονομαστικής ποσότητας, πιστοποιημένη κατά ΕΛΟΤ ΕΝ 615· πλήρωση με νέο αδρανές αέριο (άζωτο) στην ονομαστική πίεση λειτουργίας· έλεγχος στεγανότητας και παρακολούθηση επί ένα τουλάχιστον 24ωρο για τυχόν απώλειες. Επιπροσθέτως: αποξήλωση και επανατοποθέτηση με έλεγχο στηριγμάτων οροφής· έλεγχος και δοκιμή του θερμοευαίσθητου στοιχείου/ampoule ενεργοποίησης 68 °C με αντικατάσταση όπου απαιτείται· έλεγχος μανομέτρου και κεφαλής διάχυσης. Μετά το πέρας: ζύγιση και καταγραφή απόβαρου/μικτού βάρους· τοποθέτηση στον λαιμό ΔΑΚΤΥΛΙΟΥ ΕΠΑΝΕΛΕΓΧΟΥ σκληρού άκαμπτου πλαστικού, με ΑΝΑΓΛΥΦΗ την ημερομηνία ανοίγματος και χρώμα του έτους εργασίας κατά το τελευταίο ψηφίο (2026 → ΜΩΒ, 2027 → ΓΚΡΙ)· νέα αυτοκόλλητη ετικέτα συντήρησης/αναγόμωσης με στοιχεία αναγνωρισμένης εταιρείας, αριθμό αδείας, ονοματεπώνυμο και αριθμό πιστοποίησης του αρμοδίου ατόμου, ημερομηνία εργασίας και ημερομηνία επόμενης ενέργειας· ενημέρωση του Μητρώου Συντήρησης & Αναγόμωσης και παράδοση αντιγράφου στην Υπηρεσία. | K22: ΟΧΙ | L22: Συντήρηση/έλεγχος: κάθε 12 μήνες. Αναγόμωση: ανά 5ετία. Υδραυλική δοκιμή: ανά 10ετία. Άμεση αναγόμωση μετά από κάθε ενεργοποίηση.
A23: 13 | B23: Αναγόμωση πυροσβεστήρα ξηράς κόνεως τοπικής εφαρμογής 12 kg | C23: τεμ. | D23: 24951230-6 | E23: Κ.Υ.Α. 618/43/2005 (Β΄52) όπως τροπ. με Κ.Υ.Α. 17230/671/2005 (Β΄1218) — πινακίδες/μητρώο συστημάτων τοπικής εφαρμογής · Κ.Υ.Α. 140424/2021 (Β΄6254) · ΕΛΟΤ ΕΝ 615 (κόνις) · Πυρ. Διάταξη 15/2022 | F23: 6 | G23: 18 | H23: =IF(OR(F23="",G23=""),"",F23*G23) -> 108 | I23: =IF(F23="","",F23*(1+'ΣΗΜΕΙΩΣΕΙΣ'!$B$2)) -> 7.44 | J23: Αναγόμωση δοχείου ξηράς κόνεως 12 kg μονίμου συστήματος τοπικής εφαρμογής (σε λεβητοστάσια, καυστήρες, ηλεκτρικούς πίνακες και εστίες μαγειρείων). Παραλαβή από τις εγκαταστάσεις του Δήμου και επιστροφή με μεταφορικό μέσο, ευθύνη και δαπάνη του αναδόχου, εντός πέντε (5) εργασίμων ημερών από την έγγραφη διατακτική. Ο ανάδοχος αντικαθιστά με πυροσβεστήρα ίδιου τύπου/κατηγορίας όσο διαρκεί η εργασία, ώστε να μη μένει ακάλυπτη η θέση πυροπροστασίας. Εργασίες αναγόμωσης κατά το Παράρτημα IV: πλήρης εκτόνωση και αποσυναρμολόγηση· άδειασμα της κόνεως, καθαρισμός και πρεσάρισμα του σώματος· ενδελεχής εσωτερικός έλεγχος με φωτιστικό καθετήρα και καθρέφτη για διάβρωση, κοιλώματα, εγκοπές, χτυπήματα ή ζημιά της εσωτερικής επιφάνειας, με ιδιαίτερη προσοχή στα σημεία συγκόλλησης· συντήρηση ή αντικατάσταση της βαλβίδας του κλείστρου, των παρεμβυσμάτων (O-rings), του εύκαμπτου σωλήνα κατάθλιψης, του ακροφυσίου, του μανομέτρου και της περόνης ασφαλείας· γέμισμα εκ νέου με κόνι ίδιου τύπου και ονομαστικής ποσότητας, πιστοποιημένη κατά ΕΛΟΤ ΕΝ 615· πλήρωση με νέο αδρανές αέριο (άζωτο) στην ονομαστική πίεση λειτουργίας· έλεγχος στεγανότητας και παρακολούθηση επί ένα τουλάχιστον 24ωρο για τυχόν απώλειες. Επιπροσθέτως: απομόνωση και επαναφορά του συστήματος με τήρηση διαδικασίας ασφαλούς εργασίας· έλεγχος του δικτύου σωληνώσεων και των εκτοξευτήρων για εμφράξεις και καθαρισμός τους· έλεγχος του μηχανισμού αυτόματης και χειροκίνητης ενεργοποίησης, των συρματόσχοινων, της θερμοευαίσθητης κεφαλής και της φιάλης προωθητικού· λειτουργική δοκιμή του συστήματος χωρίς εκτόξευση κόνεως και σύνταξη σχετικής βεβαίωσης καλής λειτουργίας. Μετά το πέρας: ζύγιση και καταγραφή απόβαρου/μικτού βάρους· τοποθέτηση στον λαιμό ΔΑΚΤΥΛΙΟΥ ΕΠΑΝΕΛΕΓΧΟΥ σκληρού άκαμπτου πλαστικού, με ΑΝΑΓΛΥΦΗ την ημερομηνία ανοίγματος και χρώμα του έτους εργασίας κατά το τελευταίο ψηφίο (2026 → ΜΩΒ, 2027 → ΓΚΡΙ)· νέα αυτοκόλλητη ετικέτα συντήρησης/αναγόμωσης με στοιχεία αναγνωρισμένης εταιρείας, αριθμό αδείας, ονοματεπώνυμο και αριθμό πιστοποίησης του αρμοδίου ατόμου, ημερομηνία εργασίας και ημερομηνία επόμενης ενέργειας· ενημέρωση του Μητρώου Συντήρησης & Αναγόμωσης και παράδοση αντιγράφου στην Υπηρεσία. | K23: ΟΧΙ | L23: Συντήρηση/έλεγχος: κάθε 12 μήνες. Αναγόμωση: ανά 5ετία. Υδραυλική δοκιμή: ανά 10ετία. Άμεση αναγόμωση μετά από κάθε ενεργοποίηση.
B24: ΟΜΑΔΑ Ε΄ — ΠΕΡΙΟΔΙΚΗ ΣΥΝΤΗΡΗΣΗ ΠΕΝΤΑΕΤΙΑΣ
A25: 14 | B25: Συντήρηση και ανανέωση γόμωσης πυροσβεστήρα ξηράς κόνεως 6 kg λόγω πενταετίας (ΚΥΑ 618/43/05) | C25: τεμ. | D25: 24951230-6 | E25: Κ.Υ.Α. 618/43/2005 (Β΄52) όπως τροπ. με Κ.Υ.Α. 17230/671/2005 (Β΄1218) και Κ.Υ.Α. 140424/2021 (Β΄6254) · ΕΛΟΤ ΕΝ 3-7 · ΕΛΟΤ ΕΝ 615 (κόνις) · Παραρτήματα ΙΙΙ, IV, V, VI | F25: 7 | G25: 10 | H25: =IF(OR(F25="",G25=""),"",F25*G25) -> 70 | I25: =IF(F25="","",F25*(1+'ΣΗΜΕΙΩΣΕΙΣ'!$B$2)) -> 8.68 | J25: Συντήρηση και ανανέωση γόμωσης φορητού πυροσβεστήρα ξηράς κόνεως 6 kg λόγω συμπληρώσεως πενταετίας, κατά το Παράρτημα IV της Κ.Υ.Α. 618/43/2005. Η εργασία είναι ΥΠΟΧΡΕΩΤΙΚΗ ανά 5ετία από το έτος κατασκευής, ανεξαρτήτως της καταστάσεως του πυροσβεστήρα. Παραλαβή από τις εγκαταστάσεις του Δήμου και επιστροφή με μεταφορικό μέσο, ευθύνη και δαπάνη του αναδόχου, εντός πέντε (5) εργασίμων ημερών από την έγγραφη διατακτική. Ο ανάδοχος αντικαθιστά με πυροσβεστήρα ίδιου τύπου/κατηγορίας όσο διαρκεί η εργασία, ώστε να μη μένει ακάλυπτη η θέση πυροπροστασίας. Εργασίες αναγόμωσης κατά το Παράρτημα IV: πλήρης εκτόνωση και αποσυναρμολόγηση· άδειασμα της κόνεως, καθαρισμός και πρεσάρισμα του σώματος· ενδελεχής εσωτερικός έλεγχος με φωτιστικό καθετήρα και καθρέφτη για διάβρωση, κοιλώματα, εγκοπές, χτυπήματα ή ζημιά της εσωτερικής επιφάνειας, με ιδιαίτερη προσοχή στα σημεία συγκόλλησης· συντήρηση ή αντικατάσταση της βαλβίδας του κλείστρου, των παρεμβυσμάτων (O-rings), του εύκαμπτου σωλήνα κατάθλιψης, του ακροφυσίου, του μανομέτρου και της περόνης ασφαλείας· γέμισμα εκ νέου με κόνι ίδιου τύπου και ονομαστικής ποσότητας, πιστοποιημένη κατά ΕΛΟΤ ΕΝ 615· πλήρωση με νέο αδρανές αέριο (άζωτο) στην ονομαστική πίεση λειτουργίας· έλεγχος στεγανότητας και παρακολούθηση επί ένα τουλάχιστον 24ωρο για τυχόν απώλειες. Η παλαιά κόνις απορρίπτεται και ΔΕΝ επαναχρησιμοποιείται· η νέα κόνις συνοδεύεται από πιστοποιητικό καταλληλότητας κατά ΕΛΟΤ ΕΝ 615 με αναγραφή παρτίδας. Μετά το πέρας: ζύγιση και καταγραφή απόβαρου/μικτού βάρους· τοποθέτηση στον λαιμό ΔΑΚΤΥΛΙΟΥ ΕΠΑΝΕΛΕΓΧΟΥ σκληρού άκαμπτου πλαστικού, με ΑΝΑΓΛΥΦΗ την ημερομηνία ανοίγματος και χρώμα του έτους εργασίας κατά το τελευταίο ψηφίο (2026 → ΜΩΒ, 2027 → ΓΚΡΙ)· νέα αυτοκόλλητη ετικέτα συντήρησης/αναγόμωσης με στοιχεία αναγνωρισμένης εταιρείας, αριθμό αδείας, ονοματεπώνυμο και αριθμό πιστοποίησης του αρμοδίου ατόμου, ημερομηνία εργασίας και ημερομηνία επόμενης ενέργειας· ενημέρωση του Μητρώου Συντήρησης & Αναγόμωσης και παράδοση αντιγράφου στην Υπηρεσία. | K25: ΟΧΙ | L25: Συντήρηση: κάθε 12 μήνες. Αναγόμωση: ανά 5ετία από το έτος κατασκευής. Υδραυλική δοκιμή/επανέλεγχος: ανά 10ετία. Απόσυρση: στα 20 έτη από το έτος κατασκευής.
A26: 15 | B26: Συντήρηση και ανανέωση γόμωσης πυροσβεστήρα ξηράς κόνεως 12 kg λόγω πενταετίας (ΚΥΑ 618/43/05) | C26: τεμ. | D26: 24951230-6 | E26: Κ.Υ.Α. 618/43/2005 (Β΄52) όπως τροπ. με Κ.Υ.Α. 17230/671/2005 (Β΄1218) και Κ.Υ.Α. 140424/2021 (Β΄6254) · ΕΛΟΤ ΕΝ 3-7 · ΕΛΟΤ ΕΝ 615 (κόνις) · Παραρτήματα ΙΙΙ, IV, V, VI | F26: 15 | G26: 30 | H26: =IF(OR(F26="",G26=""),"",F26*G26) -> 450 | I26: =IF(F26="","",F26*(1+'ΣΗΜΕΙΩΣΕΙΣ'!$B$2)) -> 18.6 | J26: Συντήρηση και ανανέωση γόμωσης φορητού πυροσβεστήρα ξηράς κόνεως 12 kg λόγω συμπληρώσεως πενταετίας, κατά το Παράρτημα IV της Κ.Υ.Α. 618/43/2005. Η εργασία είναι ΥΠΟΧΡΕΩΤΙΚΗ ανά 5ετία από το έτος κατασκευής. Παραλαβή από τις εγκαταστάσεις του Δήμου και επιστροφή με μεταφορικό μέσο, ευθύνη και δαπάνη του αναδόχου, εντός πέντε (5) εργασίμων ημερών από την έγγραφη διατακτική. Ο ανάδοχος αντικαθιστά με πυροσβεστήρα ίδιου τύπου/κατηγορίας όσο διαρκεί η εργασία, ώστε να μη μένει ακάλυπτη η θέση πυροπροστασίας. Εργασίες αναγόμωσης κατά το Παράρτημα IV: πλήρης εκτόνωση και αποσυναρμολόγηση· άδειασμα της κόνεως, καθαρισμός και πρεσάρισμα του σώματος· ενδελεχής εσωτερικός έλεγχος με φωτιστικό καθετήρα και καθρέφτη για διάβρωση, κοιλώματα, εγκοπές, χτυπήματα ή ζημιά της εσωτερικής επιφάνειας, με ιδιαίτερη προσοχή στα σημεία συγκόλλησης· συντήρηση ή αντικατάσταση της βαλβίδας του κλείστρου, των παρεμβυσμάτων (O-rings), του εύκαμπτου σωλήνα κατάθλιψης, του ακροφυσίου, του μανομέτρου και της περόνης ασφαλείας· γέμισμα εκ νέου με κόνι ίδιου τύπου και ονομαστικής ποσότητας, πιστοποιημένη κατά ΕΛΟΤ ΕΝ 615· πλήρωση με νέο αδρανές αέριο (άζωτο) στην ονομαστική πίεση λειτουργίας· έλεγχος στεγανότητας και παρακολούθηση επί ένα τουλάχιστον 24ωρο για τυχόν απώλειες. Η παλαιά κόνις απορρίπτεται και ΔΕΝ επαναχρησιμοποιείται· η νέα κόνις συνοδεύεται από πιστοποιητικό καταλληλότητας κατά ΕΛΟΤ ΕΝ 615 με αναγραφή παρτίδας. Μετά το πέρας: ζύγιση και καταγραφή απόβαρου/μικτού βάρους· τοποθέτηση στον λαιμό ΔΑΚΤΥΛΙΟΥ ΕΠΑΝΕΛΕΓΧΟΥ σκληρού άκαμπτου πλαστικού, με ΑΝΑΓΛΥΦΗ την ημερομηνία ανοίγματος και χρώμα του έτους εργασίας κατά το τελευταίο ψηφίο (2026 → ΜΩΒ, 2027 → ΓΚΡΙ)· νέα αυτοκόλλητη ετικέτα συντήρησης/αναγόμωσης με στοιχεία αναγνωρισμένης εταιρείας, αριθμό αδείας, ονοματεπώνυμο και αριθμό πιστοποίησης του αρμοδίου ατόμου, ημερομηνία εργασίας και ημερομηνία επόμενης ενέργειας· ενημέρωση του Μητρώου Συντήρησης & Αναγόμωσης και παράδοση αντιγράφου στην Υπηρεσία. | K26: ΟΧΙ | L26: Συντήρηση: κάθε 12 μήνες. Αναγόμωση: ανά 5ετία από το έτος κατασκευής. Υδραυλική δοκιμή/επανέλεγχος: ανά 10ετία. Απόσυρση: στα 20 έτη από το έτος κατασκευής.
B27: ΟΜΑΔΑ ΣΤ΄ — ΠΥΡΟΣΒΕΣΤΗΡΕΣ ΚΑΤΗΓΟΡΙΑΣ F ΚΑΙ ΑΦΡΟΥ AFFF
A28: 16 | B28: Αναγόμωση πυροσβεστήρα κατηγορίας F 2 lt (wet chemical) | C28: τεμ. | D28: 24951230-6 | E28: Κ.Υ.Α. 618/43/2005 (Β΄52) όπως τροπ. με Κ.Υ.Α. 17230/671/2005 (Β΄1218) και Κ.Υ.Α. 140424/2021 (Β΄6254) · ΕΛΟΤ ΕΝ 3-7 (κατηγορία πυρκαγιάς F) · ΕΛΟΤ ΕΝ 3-10 | F28: 30 | G28: 8 | H28: =IF(OR(F28="",G28=""),"",F28*G28) -> 240 | I28: =IF(F28="","",F28*(1+'ΣΗΜΕΙΩΣΕΙΣ'!$B$2)) -> 37.2 | J28: Αναγόμωση φορητού πυροσβεστήρα υγρού χημικού κατηγορίας F, ονομαστικού όγκου 2 lt, για εστίες μαγειρικών λιπών και ελαίων σε μαγειρεία σχολείων, παιδικών σταθμών και δημοτικών καταστημάτων. Παραλαβή από τις εγκαταστάσεις του Δήμου και επιστροφή με μεταφορικό μέσο, ευθύνη και δαπάνη του αναδόχου, εντός πέντε (5) εργασίμων ημερών από την έγγραφη διατακτική. Ο ανάδοχος αντικαθιστά με πυροσβεστήρα ίδιου τύπου/κατηγορίας όσο διαρκεί η εργασία, ώστε να μη μένει ακάλυπτη η θέση πυροπροστασίας. Εργασίες: πλήρης εκτόνωση και εκκένωση του παλαιού κατασβεστικού υγρού και ΠΕΡΙΒΑΛΛΟΝΤΙΚΑ ΟΡΘΗ ΔΙΑΧΕΙΡΙΣΗ του ως απόβλητο· ενδελεχής πλύση και καθαρισμός του δοχείου από άλατα και υπολείμματα σαπωνοποίησης· εσωτερικός έλεγχος για διάβρωση· έλεγχος/αντικατάσταση βαλβίδας, παρεμβυσμάτων, καταδυτικού σωλήνα και του ΕΙΔΙΚΟΥ ΑΚΡΟΦΥΣΙΟΥ ΧΑΜΗΛΗΣ ΤΑΧΥΤΗΤΑΣ (aspirating lance) που είναι απαραίτητο για την ασφαλή σαπωνοποίηση· πλήρωση με νέο κατασβεστικό υγρό κατηγορίας F εγκεκριμένου τύπου, με πιστοποιητικό και αναγραφή παρτίδας — ΑΠΑΓΟΡΕΥΕΤΑΙ η ανάμιξη υγρών διαφορετικών κατασκευαστών· πλήρωση με άζωτο στην ονομαστική πίεση· έλεγχος στεγανότητας επί 24ωρο. Διατηρείται η κατασβεστική ικανότητα τουλάχιστον 13A 5F. Μετά το πέρας: ζύγιση και καταγραφή απόβαρου/μικτού βάρους· τοποθέτηση στον λαιμό ΔΑΚΤΥΛΙΟΥ ΕΠΑΝΕΛΕΓΧΟΥ σκληρού άκαμπτου πλαστικού, με ΑΝΑΓΛΥΦΗ την ημερομηνία ανοίγματος και χρώμα του έτους εργασίας κατά το τελευταίο ψηφίο (2026 → ΜΩΒ, 2027 → ΓΚΡΙ)· νέα αυτοκόλλητη ετικέτα συντήρησης/αναγόμωσης με στοιχεία αναγνωρισμένης εταιρείας, αριθμό αδείας, ονοματεπώνυμο και αριθμό πιστοποίησης του αρμοδίου ατόμου, ημερομηνία εργασίας και ημερομηνία επόμενης ενέργειας· ενημέρωση του Μητρώου Συντήρησης & Αναγόμωσης και παράδοση αντιγράφου στην Υπηρεσία. | K28: ΟΧΙ | L28: Συντήρηση: κάθε 12 μήνες. Αναγόμωση: ανά 5ετία από το έτος κατασκευής. Υδραυλική δοκιμή/επανέλεγχος: ανά 10ετία. Απόσυρση: στα 20 έτη από το έτος κατασκευής.
A29: 17 | B29: Αναγόμωση πυροσβεστήρα κατηγορίας F 9 lt (wet chemical) | C29: τεμ. | D29: 24951230-6 | E29: Κ.Υ.Α. 618/43/2005 (Β΄52) όπως τροπ. με Κ.Υ.Α. 17230/671/2005 (Β΄1218) και Κ.Υ.Α. 140424/2021 (Β΄6254) · ΕΛΟΤ ΕΝ 3-7 (κατηγορία πυρκαγιάς F) · ΕΛΟΤ ΕΝ 3-10 | F29: 7 | G29: 10 | H29: =IF(OR(F29="",G29=""),"",F29*G29) -> 70 | I29: =IF(F29="","",F29*(1+'ΣΗΜΕΙΩΣΕΙΣ'!$B$2)) -> 8.68 | J29: Αναγόμωση φορητού πυροσβεστήρα υγρού χημικού κατηγορίας F, ονομαστικού όγκου 9 lt, για εστίες μαγειρικών λιπών και ελαίων. Παραλαβή από τις εγκαταστάσεις του Δήμου και επιστροφή με μεταφορικό μέσο, ευθύνη και δαπάνη του αναδόχου, εντός πέντε (5) εργασίμων ημερών από την έγγραφη διατακτική. Ο ανάδοχος αντικαθιστά με πυροσβεστήρα ίδιου τύπου/κατηγορίας όσο διαρκεί η εργασία, ώστε να μη μένει ακάλυπτη η θέση πυροπροστασίας. Εργασίες: πλήρης εκτόνωση και εκκένωση του παλαιού υγρού με περιβαλλοντικά ορθή διαχείρισή του· πλύση και καθαρισμός του δοχείου· εσωτερικός έλεγχος για διάβρωση· έλεγχος/αντικατάσταση βαλβίδας, παρεμβυσμάτων, καταδυτικού σωλήνα και του ειδικού ακροφυσίου χαμηλής ταχύτητας (aspirating lance)· πλήρωση με νέο κατασβεστικό υγρό κατηγορίας F εγκεκριμένου τύπου με πιστοποιητικό και παρτίδα, χωρίς ανάμιξη υγρών διαφορετικών κατασκευαστών· πλήρωση με άζωτο στην ονομαστική πίεση· έλεγχος στεγανότητας επί 24ωρο. Διατηρείται η κατασβεστική ικανότητα τουλάχιστον 25A 75F. Μετά το πέρας: ζύγιση και καταγραφή απόβαρου/μικτού βάρους· τοποθέτηση στον λαιμό ΔΑΚΤΥΛΙΟΥ ΕΠΑΝΕΛΕΓΧΟΥ σκληρού άκαμπτου πλαστικού, με ΑΝΑΓΛΥΦΗ την ημερομηνία ανοίγματος και χρώμα του έτους εργασίας κατά το τελευταίο ψηφίο (2026 → ΜΩΒ, 2027 → ΓΚΡΙ)· νέα αυτοκόλλητη ετικέτα συντήρησης/αναγόμωσης με στοιχεία αναγνωρισμένης εταιρείας, αριθμό αδείας, ονοματεπώνυμο και αριθμό πιστοποίησης του αρμοδίου ατόμου, ημερομηνία εργασίας και ημερομηνία επόμενης ενέργειας· ενημέρωση του Μητρώου Συντήρησης & Αναγόμωσης και παράδοση αντιγράφου στην Υπηρεσία. | K29: ΟΧΙ | L29: Συντήρηση: κάθε 12 μήνες. Αναγόμωση: ανά 5ετία από το έτος κατασκευής. Υδραυλική δοκιμή/επανέλεγχος: ανά 10ετία. Απόσυρση: στα 20 έτη από το έτος κατασκευής.
A30: 18 | B30: Αναγόμωση πυροσβεστήρα αφρού AFFF 50 lt (τροχήλατος) | C30: τεμ. | D30: 24951230-6 | E30: Κ.Υ.Α. 618/43/2005 (Β΄52) όπως τροπ. με Κ.Υ.Α. 17230/671/2005 (Β΄1218) και Κ.Υ.Α. 140424/2021 (Β΄6254) · ΕΛΟΤ ΕΝ 3-7 (κατηγορίες A/B) · ΕΝ 1568 (αφρογόνο) | F30: 8 | G30: 1 | H30: =IF(OR(F30="",G30=""),"",F30*G30) -> 8 | I30: =IF(F30="","",F30*(1+'ΣΗΜΕΙΩΣΕΙΣ'!$B$2)) -> 9.92 | J30: Αναγόμωση τροχήλατου πυροσβεστήρα αφρού AFFF ονομαστικού όγκου 50 lt. Παραλαβή από τις εγκαταστάσεις του Δήμου και επιστροφή με μεταφορικό μέσο, ευθύνη και δαπάνη του αναδόχου, εντός πέντε (5) εργασίμων ημερών από την έγγραφη διατακτική. Ο ανάδοχος αντικαθιστά με πυροσβεστήρα ίδιου τύπου/κατηγορίας όσο διαρκεί η εργασία, ώστε να μη μένει ακάλυπτη η θέση πυροπροστασίας. Εργασίες: πλήρης εκτόνωση και εκκένωση του παλαιού διαλύματος με περιβαλλοντικά ορθή διαχείρισή του· πλύση και καθαρισμός δοχείου· εσωτερικός έλεγχος για διάβρωση, με ιδιαίτερη προσοχή στην εσωτερική αντιδιαβρωτική επίστρωση· έλεγχος/αντικατάσταση βαλβίδας, παρεμβυσμάτων, εύκαμπτου σωλήνα ≥ 5 m, αυλού αφρού (aspirating branchpipe) και τροχήλατης βάσης· πλήρωση με νέο αφρογόνο AFFF κατά ΕΝ 1568 στην προβλεπόμενη αναλογία αραίωσης, με πιστοποιητικό και αναγραφή παρτίδας· ζύγιση/ογκομέτρηση φιάλης προωθητικού αζώτου και αναπλήρωση· έλεγχος στεγανότητας επί 24ωρο. Συνιστάται η χρήση αφρογόνου ΧΩΡΙΣ υπερφθοριωμένες ενώσεις (PFAS-free), σύμφωνα με τους περιορισμούς του Καν. (ΕΕ) 2017/1000 και τις εξελίξεις του REACH. Μετά το πέρας: ζύγιση και καταγραφή απόβαρου/μικτού βάρους· τοποθέτηση στον λαιμό ΔΑΚΤΥΛΙΟΥ ΕΠΑΝΕΛΕΓΧΟΥ σκληρού άκαμπτου πλαστικού, με ΑΝΑΓΛΥΦΗ την ημερομηνία ανοίγματος και χρώμα του έτους εργασίας κατά το τελευταίο ψηφίο (2026 → ΜΩΒ, 2027 → ΓΚΡΙ)· νέα αυτοκόλλητη ετικέτα συντήρησης/αναγόμωσης με στοιχεία αναγνωρισμένης εταιρείας, αριθμό αδείας, ονοματεπώνυμο και αριθμό πιστοποίησης του αρμοδίου ατόμου, ημερομηνία εργασίας και ημερομηνία επόμενης ενέργειας· ενημέρωση του Μητρώου Συντήρησης & Αναγόμωσης και παράδοση αντιγράφου στην Υπηρεσία. | K30: ΟΧΙ | L30: Συντήρηση: κάθε 12 μήνες. Αναγόμωση: ανά 5ετία από το έτος κατασκευής. Υδραυλική δοκιμή/επανέλεγχος: ανά 10ετία. Απόσυρση: στα 20 έτη από το έτος κατασκευής.
A31: 19 | B31: Αναγόμωση πυροσβεστήρα αφρού AFFF 9 lt | C31: τεμ. | D31: 24951230-6 | E31: Κ.Υ.Α. 618/43/2005 (Β΄52) όπως τροπ. με Κ.Υ.Α. 17230/671/2005 (Β΄1218) και Κ.Υ.Α. 140424/2021 (Β΄6254) · ΕΛΟΤ ΕΝ 3-7 (κατηγορίες A/B) · ΕΝ 1568 (αφρογόνο) | F31: 20 | G31: 1 | H31: =IF(OR(F31="",G31=""),"",F31*G31) -> 20 | I31: =IF(F31="","",F31*(1+'ΣΗΜΕΙΩΣΕΙΣ'!$B$2)) -> 24.8 | J31: Αναγόμωση φορητού πυροσβεστήρα αφρού AFFF ονομαστικού όγκου 9 lt, κατασβεστικής ικανότητας τουλάχιστον 21A 183B. Παραλαβή από τις εγκαταστάσεις του Δήμου και επιστροφή με μεταφορικό μέσο, ευθύνη και δαπάνη του αναδόχου, εντός πέντε (5) εργασίμων ημερών από την έγγραφη διατακτική. Ο ανάδοχος αντικαθιστά με πυροσβεστήρα ίδιου τύπου/κατηγορίας όσο διαρκεί η εργασία, ώστε να μη μένει ακάλυπτη η θέση πυροπροστασίας. Εργασίες: πλήρης εκτόνωση και εκκένωση του παλαιού διαλύματος με περιβαλλοντικά ορθή διαχείρισή του· πλύση και καθαρισμός δοχείου· εσωτερικός έλεγχος για διάβρωση και της αντιδιαβρωτικής επίστρωσης· έλεγχος/αντικατάσταση βαλβίδας, παρεμβυσμάτων, καταδυτικού σωλήνα και αυλού αφρού· πλήρωση με νέο αφρογόνο AFFF κατά ΕΝ 1568 στην προβλεπόμενη αναλογία αραίωσης, με πιστοποιητικό και παρτίδα· πλήρωση με άζωτο στην ονομαστική πίεση· έλεγχος στεγανότητας επί 24ωρο. Συνιστάται αφρογόνο χωρίς υπερφθοριωμένες ενώσεις (PFAS-free). Μετά το πέρας: ζύγιση και καταγραφή απόβαρου/μικτού βάρους· τοποθέτηση στον λαιμό ΔΑΚΤΥΛΙΟΥ ΕΠΑΝΕΛΕΓΧΟΥ σκληρού άκαμπτου πλαστικού, με ΑΝΑΓΛΥΦΗ την ημερομηνία ανοίγματος και χρώμα του έτους εργασίας κατά το τελευταίο ψηφίο (2026 → ΜΩΒ, 2027 → ΓΚΡΙ)· νέα αυτοκόλλητη ετικέτα συντήρησης/αναγόμωσης με στοιχεία αναγνωρισμένης εταιρείας, αριθμό αδείας, ονοματεπώνυμο και αριθμό πιστοποίησης του αρμοδίου ατόμου, ημερομηνία εργασίας και ημερομηνία επόμενης ενέργειας· ενημέρωση του Μητρώου Συντήρησης & Αναγόμωσης και παράδοση αντιγράφου στην Υπηρεσία. | K31: ΟΧΙ | L31: Συντήρηση: κάθε 12 μήνες. Αναγόμωση: ανά 5ετία από το έτος κατασκευής. Υδραυλική δοκιμή/επανέλεγχος: ανά 10ετία. Απόσυρση: στα 20 έτη από το έτος κατασκευής.
B32: ΟΜΑΔΑ Ζ΄ — ΥΔΡΑΥΛΙΚΗ ΔΟΚΙΜΗ (ΕΠΑΝΕΛΕΓΧΟΣ ΔΕΚΑΕΤΙΑΣ)
A33: 20 | B33: Υδραυλική δοκιμή και ανανέωση γόμωσης πυροσβεστήρα ξηράς κόνεως 6 kg, δεκαετίας (ΚΥΑ 618/43/05) | C33: τεμ. | D33: 24951230-6 | E33: Κ.Υ.Α. 618/43/2005 (Β΄52) — Παράρτημα V (υδραυλική δοκιμή/επανέλεγχος) όπως τροπ. με Κ.Υ.Α. 17230/671/2005 (Β΄1218) και Κ.Υ.Α. 140424/2021 (Β΄6254) · ΕΛΟΤ ΕΝ 3-7 · Οδηγία 2014/68/ΕΕ (ΠΔ 91/2018) | F33: 18 | G33: 8 | H33: =IF(OR(F33="",G33=""),"",F33*G33) -> 144 | I33: =IF(F33="","",F33*(1+'ΣΗΜΕΙΩΣΕΙΣ'!$B$2)) -> 22.32 | J33: Υδραυλική δοκιμή (επανέλεγχος δεκαετίας) και ανανέωση γόμωσης φορητού πυροσβεστήρα ξηράς κόνεως 6 kg, κατά το Παράρτημα V της Κ.Υ.Α. 618/43/2005. Η εργασία είναι ΥΠΟΧΡΕΩΤΙΚΗ ανά 10ετία από το έτος κατασκευής. Παραλαβή από τις εγκαταστάσεις του Δήμου και επιστροφή με μεταφορικό μέσο, ευθύνη και δαπάνη του αναδόχου, εντός πέντε (5) εργασίμων ημερών από την έγγραφη διατακτική. Ο ανάδοχος αντικαθιστά με πυροσβεστήρα ίδιου τύπου/κατηγορίας όσο διαρκεί η εργασία, ώστε να μη μένει ακάλυπτη η θέση πυροπροστασίας. Εργασίες: πλήρης εκτόνωση, αποσυναρμολόγηση και εκκένωση· καθαρισμός εσωτερικά και εξωτερικά· ΥΔΡΑΥΛΙΚΗ ΔΟΚΙΜΗ ΑΝΤΟΧΗΣ του δοχείου στην πίεση δοκιμής που αναγράφεται στην πινακίδα (κατ' ελάχιστον 1,5 φορά την πίεση σχεδιασμού) για τον προβλεπόμενο χρόνο, με έλεγχο μόνιμης παραμόρφωσης και διαρροής· οπτικός και διαστασιολογικός έλεγχος συγκολλήσεων· απόρριψη και τεκμηριωμένη καταστροφή του δοχείου εφόσον αποτύχει η δοκιμή, με έγγραφη ενημέρωση της Υπηρεσίας· για τα επιτυχόντα δοχεία, αντικατάσταση βαλβίδας/παρεμβυσμάτων, πλήρωση με νέα κόνι ΕΛΟΤ ΕΝ 615, πλήρωση με άζωτο και έλεγχος στεγανότητας επί 24ωρο· ΑΝΑΓΛΥΦΗ ΧΑΡΑΞΗ του έτους επανελέγχου επί του δοχείου και έκδοση ΠΙΣΤΟΠΟΙΗΤΙΚΟΥ ΥΔΡΑΥΛΙΚΗΣ ΔΟΚΙΜΗΣ. Μετά το πέρας: ζύγιση και καταγραφή απόβαρου/μικτού βάρους· τοποθέτηση στον λαιμό ΔΑΚΤΥΛΙΟΥ ΕΠΑΝΕΛΕΓΧΟΥ σκληρού άκαμπτου πλαστικού, με ΑΝΑΓΛΥΦΗ την ημερομηνία ανοίγματος και χρώμα του έτους εργασίας κατά το τελευταίο ψηφίο (2026 → ΜΩΒ, 2027 → ΓΚΡΙ)· νέα αυτοκόλλητη ετικέτα συντήρησης/αναγόμωσης με στοιχεία αναγνωρισμένης εταιρείας, αριθμό αδείας, ονοματεπώνυμο και αριθμό πιστοποίησης του αρμοδίου ατόμου, ημερομηνία εργασίας και ημερομηνία επόμενης ενέργειας· ενημέρωση του Μητρώου Συντήρησης & Αναγόμωσης και παράδοση αντιγράφου στην Υπηρεσία. | K33: ΟΧΙ | L33: Συντήρηση: κάθε 12 μήνες. Αναγόμωση: ανά 5ετία από το έτος κατασκευής. Υδραυλική δοκιμή/επανέλεγχος: ανά 10ετία. Απόσυρση: στα 20 έτη από το έτος κατασκευής.
A34: 21 | B34: Υδραυλική δοκιμή και ανανέωση γόμωσης τροχήλατου πυροσβεστήρα ξηράς κόνεως 50 kg, δεκαετίας (ΚΥΑ 618/43/05) | C34: τεμ. | D34: 24951230-6 | E34: Κ.Υ.Α. 618/43/2005 (Β΄52) — Παράρτημα V (υδραυλική δοκιμή/επανέλεγχος) όπως τροπ. με Κ.Υ.Α. 17230/671/2005 (Β΄1218) και Κ.Υ.Α. 140424/2021 (Β΄6254) · ΕΛΟΤ ΕΝ 3-7 · Οδηγία 2014/68/ΕΕ (ΠΔ 91/2018) | F34: 140 | G34: 2 | H34: =IF(OR(F34="",G34=""),"",F34*G34) -> 280 | I34: =IF(F34="","",F34*(1+'ΣΗΜΕΙΩΣΕΙΣ'!$B$2)) -> 173.6 | J34: Υδραυλική δοκιμή (επανέλεγχος δεκαετίας) και ανανέωση γόμωσης τροχήλατου πυροσβεστήρα ξηράς κόνεως 50 kg, κατά το Παράρτημα V της Κ.Υ.Α. 618/43/2005 και το ΕΛΟΤ ΕΝ 1866-1. Η εργασία είναι ΥΠΟΧΡΕΩΤΙΚΗ ανά 10ετία από το έτος κατασκευής. Παραλαβή από τις εγκαταστάσεις του Δήμου και επιστροφή με μεταφορικό μέσο, ευθύνη και δαπάνη του αναδόχου, εντός πέντε (5) εργασίμων ημερών από την έγγραφη διατακτική. Ο ανάδοχος αντικαθιστά με πυροσβεστήρα ίδιου τύπου/κατηγορίας όσο διαρκεί η εργασία, ώστε να μη μένει ακάλυπτη η θέση πυροπροστασίας. Εργασίες: πλήρης εκτόνωση, αποσυναρμολόγηση και εκκένωση· καθαρισμός· ΥΔΡΑΥΛΙΚΗ ΔΟΚΙΜΗ ΑΝΤΟΧΗΣ του δοχείου στην αναγραφόμενη πίεση δοκιμής με έλεγχο μόνιμης παραμόρφωσης και διαρροής· ΑΝΕΞΑΡΤΗΤΟΣ ΕΠΑΝΕΛΕΓΧΟΣ ΤΗΣ ΦΙΑΛΗΣ ΠΡΟΩΘΗΤΙΚΟΥ ΑΕΡΙΟΥ κατά ADR/ΤΠΕΔ· έλεγχος τροχήλατης βάσης, τροχών, εύκαμπτου σωλήνα (δοκιμή σε πίεση) και πιστολιού εκτόξευσης· απόρριψη και τεκμηριωμένη καταστροφή δοχείου που αποτυγχάνει, με έγγραφη ενημέρωση της Υπηρεσίας· για τα επιτυχόντα, αντικατάσταση βαλβίδας/παρεμβυσμάτων, πλήρωση με νέα κόνι ΕΛΟΤ ΕΝ 615 και άζωτο, έλεγχος στεγανότητας επί 24ωρο· ανάγλυφη χάραξη έτους επανελέγχου και έκδοση πιστοποιητικού υδραυλικής δοκιμής. Μετά το πέρας: ζύγιση και καταγραφή απόβαρου/μικτού βάρους· τοποθέτηση στον λαιμό ΔΑΚΤΥΛΙΟΥ ΕΠΑΝΕΛΕΓΧΟΥ σκληρού άκαμπτου πλαστικού, με ΑΝΑΓΛΥΦΗ την ημερομηνία ανοίγματος και χρώμα του έτους εργασίας κατά το τελευταίο ψηφίο (2026 → ΜΩΒ, 2027 → ΓΚΡΙ)· νέα αυτοκόλλητη ετικέτα συντήρησης/αναγόμωσης με στοιχεία αναγνωρισμένης εταιρείας, αριθμό αδείας, ονοματεπώνυμο και αριθμό πιστοποίησης του αρμοδίου ατόμου, ημερομηνία εργασίας και ημερομηνία επόμενης ενέργειας· ενημέρωση του Μητρώου Συντήρησης & Αναγόμωσης και παράδοση αντιγράφου στην Υπηρεσία. | K34: ΟΧΙ | L34: Συντήρηση: κάθε 12 μήνες. Αναγόμωση: ανά 5ετία από το έτος κατασκευής. Υδραυλική δοκιμή/επανέλεγχος: ανά 10ετία. Απόσυρση: στα 20 έτη από το έτος κατασκευής.
B35: ΟΜΑΔΑ Η΄ — ΛΟΙΠΕΣ ΕΡΓΑΣΙΕΣ ΜΟΝΙΜΩΝ ΣΥΣΤΗΜΑΤΩΝ
A36: 22 | B36: Πλήρωση με άζωτο κλάδου αυτόματων εκτοξευτήρων (sprinkler) συστήματος τοπικής εφαρμογής ξηράς κόνεως | C36: τεμ. | D36: 24951230-6 | E36: Κ.Υ.Α. 618/43/2005 (Β΄52) όπως τροπ. με Κ.Υ.Α. 17230/671/2005 (Β΄1218) — πινακίδες/μητρώο συστημάτων τοπικής εφαρμογής · Κ.Υ.Α. 140424/2021 (Β΄6254) · ΕΛΟΤ ΕΝ 615 (κόνις) · Πυρ. Διάταξη 15/2022 | F36: 35 | G36: 10 | H36: =IF(OR(F36="",G36=""),"",F36*G36) -> 350 | I36: =IF(F36="","",F36*(1+'ΣΗΜΕΙΩΣΕΙΣ'!$B$2)) -> 43.4 | J36: Πλήρωση με άζωτο του κλάδου αυτόματων εκτοξευτήρων (sprinkler) μονίμου συστήματος τοπικής εφαρμογής ξηράς κόνεως. Εργασίες επί τόπου, στις εγκαταστάσεις του Δήμου: απομόνωση του κλάδου και τήρηση διαδικασίας ασφαλούς εργασίας· εκτόνωση υπολειπόμενης πίεσης· έλεγχος του δικτύου σωληνώσεων, των στηρίξεων και των συνδέσεων για στεγανότητα και διάβρωση· έλεγχος και καθαρισμός των εκτοξευτήρων/ακροφυσίων από εμφράξεις και επικαθίσεις, με αντικατάσταση όσων έχουν καταπονηθεί· έλεγχος των θερμοευαίσθητων στοιχείων ενεργοποίησης και του μηχανισμού αυτόματης και χειροκίνητης λύσης· πλήρωση του κλάδου με ξηρό άζωτο υψηλής καθαρότητας στην πίεση σχεδιασμού που ορίζει ο κατασκευαστής· έλεγχος στεγανότητας του κλάδου με παρακολούθηση της πίεσης επί ένα τουλάχιστον 24ωρο· λειτουργική δοκιμή του συστήματος χωρίς εκτόξευση κατασβεστικού υλικού· επαναφορά του συστήματος σε πλήρη ετοιμότητα, ενημέρωση της πινακίδας στοιχείων του συστήματος κατά την Κ.Υ.Α. 17230/671/2005 και σύνταξη ΒΕΒΑΙΩΣΗΣ ΚΑΛΗΣ ΛΕΙΤΟΥΡΓΙΑΣ υπογεγραμμένης από τον αρμόδιο τεχνικό. | K36: ΟΧΙ | L36: Συντήρηση/έλεγχος: κάθε 12 μήνες. Αναγόμωση: ανά 5ετία. Υδραυλική δοκιμή: ανά 10ετία. Άμεση αναγόμωση μετά από κάθε ενεργοποίηση.

Sheet ΣΗΜΕΙΩΣΕΙΣ
A1: ΣΗΜΕΙΩΣΕΙΣ, ΥΠΟΜΝΗΜΑ & ΠΑΡΑΔΟΧΕΣ
A2: Συντελεστής ΦΠΑ: | B2: 0.24
A4: ΒΑΣΙΚΕΣ ΟΔΗΓΙΕΣ
A5: 1. Ποσότητα | B5: Μεταβάλλεται μόνο στη στήλη «ΠΟΣΟΤΗΤΑ». Τα τεμάχια/σετ είναι ακέραια· m, m², m³, kg, lt και ώρες δέχονται έως τρία δεκαδικά.
A6: 2. Υπάρχον είδος | B6: Κρατήστε τον ίδιο Α/Α. Ο administrator μπορεί να αλλάξει περιγραφή, μονάδα μέτρησης, CPV, τιμή και πρότυπα.
A7: 3. Νέο είδος | B7: Προσθέστε νέα γραμμή στο τέλος, αφήστε κενό το Α/Α και συμπληρώστε τουλάχιστον περιγραφή και μονάδα μέτρησης.
A8: 4. Κεντρικός κατάλογος | B8: Οι αλλαγές ειδών από administrator ισχύουν για όλες τις Δημοτικές Ενότητες.
A9: 5. Υπολογισμοί | B9: Η «ΔΑΠΑΝΗ» και η «ΤΙΜΗ ΜΕ ΦΠΑ» είναι τύποι και δεν χρειάζεται να τροποποιούνται.
A10: 6. Αντιστοίχιση | B10: Η εφαρμογή χρησιμοποιεί κρυφό αναγνωριστικό είδους και, επικουρικά, Α/Α ή περιγραφή + μονάδα μέτρησης.
A11: 7. Δικλείδα ασφαλείας | B11: Το αρχείο εισάγεται μόνο στην ίδια Δημοτική Ενότητα, ίδια ομάδα υλικών και ίδιο έτος από τα οποία εξήχθη, με έγκυρο δελτίο προέλευσης μιας χρήσης.

Sheet ΜΕΤΑΔΕΔΟΜΕΝΑ
A1: ΚΛΕΙΔΙ | B1: ΤΙΜΗ
A2: SIGNATURE | B2: RHODES_PROCUREMENT_EXPORT_V3
A3: APP_VERSION | B3: v36.6.6-production-resilience
A4: REQUEST_YEAR | B4: 2026
A5: MUNICIPAL_UNIT_ID | B5: 10
A6: MUNICIPAL_UNIT_NAME | B6: ΡΟΔΟΥ
A7: GROUP_ID | B7: 29
A8: GROUP_CODE | B8: SRV06
A9: GROUP_NAME | B9: Συντήρηση & αναγόμωση πυροσβεστήρων
A10: CONTEXT_KEY | B10: 2026|10|29|SRV06|ΡΟΔΟΥ|Συντήρηση & αναγόμωση πυροσβεστήρων
A11: CHECKSUM | B11: 5758C795
A12: EXPORT_TOKEN | B12: 84b0a99f-c76d-4ec9-9411-8e52cb5d5a71
... A17: EXPORTED_AT | B17: 2026-08-27T18:51:47.962Z

Sheet ΚΛΕΙΔΙΑ_ΕΙΔΩΝ
A1: Α/Α | B1: MATERIAL_ID | C1: MATERIAL_CODE | D1: GROUP_ID | E1: ΠΕΡΙΓΡΑΦΗ | F1: ΜΟΝΑΔΑ
A2: 1 | B2: f9c24e9a-7c9c-4a9a-8fc1-03ba02ef4075 | C2: SRV06-01 | D2: 29 | E2: Συντήρηση πυροσβεστήρα ξηράς κόνεως 6kg | F2: τεμ.
A3: 2 | B3: 18c6e8a9-d34b-436e-bf50-17ba7a3438cb | C3: SRV06-02 | D3: 29 | E3: Αναγόμωση πυροσβεστήρα ξηράς κόνεως 6kg | F3: τεμ.
A4: 3 | B4: 6a7ae69f-536a-4c9e-9238-7c4695138c3f | C4: SRV06-03 | D4: 29 | E4: Εργαστηριακός έλεγχος & υδραυλική δοκιμή πυροσβεστήρα ξηράς κόνεως 6 kg (δεκαετίας) | F4: τεμ.
A5: 4 | B5: 5d6640d5-1504-4e6c-a662-93a2b686c3f2 | C5: SRV06-04 | D5: 29 | E5: Συντήρηση πυροσβεστήρα ξηράς κόνεως 12kg | F5: τεμ.
A6: 5 | B6: bc7336f4-cd8c-4f8c-b170-6724eb7725ae | C6: SRV06-05 | D6: 29 | E6: Αναγόμωση πυροσβεστήρα ξηράς κόνεως 12kg | F6: τεμ.
A7: 6 | B7: f8f879b0-607a-4807-a148-c84a348f5771 | C7: SRV06-06 | D7: 29 | E7: Συντήρηση πυροσβεστήρα CO2 5kg | F7: τεμ.
A8: 7 | B8: d1a105a3-0c39-482c-bdf0-59c2a5b60f98 | C8: SRV06-07 | D8: 29 | E8: Αναγόμωση πυροσβεστήρα CO2 5kg | F8: τεμ.
A9: 8 | B9: 8886db56-75ed-40ef-8e25-53666f1ce88d | C9: SRV06-08 | D9: 29 | E9: Συντήρηση πυροσβεστήρα οροφής/αυτόματου 12kg | F9: τεμ.
A10: 9 | B10: 74bd4c3d-091d-4059-9397-9ab63c3a0a58 | C10: SRV06-09 | D10: 29 | E10: Νέος πυροσβεστήρας ξηράς κόνεως 6kg (ABC) | F10: τεμ.
A11: 10 | B11: 936bf81c-2d6c-4d28-9a20-7b3c96cb1fc5 | C11: SRV06-10 | D11: 29 | E11: Αναγόμωση τροχήλατου πυροσβεστήρα ξηράς κόνεως 25kg | F11: τεμ.
A12: 11 | B12: 5a4dbe4c-a4f2-4312-ab4a-01d7b3ea04c9 | C12: SRV06-11 | D12: 29 | E12: Συντήρηση πυροσβεστήρα ξηράς κόνεως 3kg | F12: τεμ.
A13: 12 | B13: 34bdde84-f25b-4b81-a271-f58e7c44f51e | C13: SRV06-12 | D13: 29 | E13: Αναγόμωση πυροσβεστήρα ξηράς κόνεως 3kg | F13: τεμ.
... A23: 22 | B23: 907cbc25-5b74-4b73-b1c3-6eddd1bf476b | C23: SRV06-22 | D23: 29 | E23: Έλεγχος πυροσβεστικού κρουνού/συγκροτήματος | F23: τεμ.
